average mean squared error,0.0005969061900030818
average variance score,-0.17813148832878756
average r squared,-0.4305558493700961
