average mean squared error,1.1670435886573976e+16
average variance score,-0.11018812281517994
average r squared,-0.4454595907820136
